City_ID,City,Country,Date,Lat,Lng,Max Temp,Humidity,Cloudiness,Wind Speed
0,Margate,GB,2020-05-28 05:01:29,51.38,1.39,55.99,73,37,5.01
1,Sao Filipe,CV,2020-05-28 05:01:29,14.9,-24.5,74.37,71,0,9.4
2,Tuatapere,NZ,2020-05-28 05:01:29,-46.13,167.68,48.74,87,11,2.84
3,Sao Joao Da Barra,BR,2020-05-28 05:01:29,-21.64,-41.05,63.43,78,0,15.17
4,Bjornevatn,NO,2020-05-28 04:58:05,69.67,29.98,44.6,81,100,2.24
5,Ouidah,BJ,2020-05-28 05:01:30,6.36,2.09,82.4,83,40,10.29
6,Albany,US,2020-05-28 04:57:26,42.6,-73.97,73.0,86,100,3.8
7,Pangnirtung,CA,2020-05-28 05:01:30,66.15,-65.71,15.04,91,15,2.13
8,Saint George,US,2020-05-28 04:58:26,37.1,-113.58,88.0,14,1,5.82
9,Masallatah,LY,2020-05-28 05:01:30,32.62,14.0,62.51,77,0,5.57
10,Ushuaia,AR,2020-05-28 05:01:01,-54.8,-68.3,41.0,65,40,25.28
11,Airai,TL,2020-05-28 05:01:31,-8.93,125.41,74.12,75,4,2.64
12,Kavaratti,IN,2020-05-28 05:01:31,10.57,72.64,89.6,70,40,6.93
13,Tulle,FR,2020-05-28 05:01:31,45.33,1.83,53.01,83,0,3.58
14,Dire,ML,2020-05-28 05:01:31,12.28,-10.97,81.23,55,60,1.61
15,Port Alfred,ZA,2020-05-28 05:01:31,-33.59,26.89,59.0,47,40,11.01
16,Kapaa,US,2020-05-28 05:01:31,22.08,-159.32,77.0,83,90,9.17
17,Weymouth,US,2020-05-28 05:01:32,42.22,-70.94,66.2,88,75,11.41
18,Ponta Do Sol,PT,2020-05-28 05:01:32,32.67,-17.1,62.6,77,20,2.24
19,Saskylakh,RU,2020-05-28 05:01:32,71.92,114.08,34.9,83,94,15.7
20,Mitsamiouli,KM,2020-05-28 05:01:32,-11.38,43.28,79.79,70,30,8.99
21,Khatanga,RU,2020-05-28 05:01:33,71.97,102.5,36.82,72,100,13.0
22,Henties Bay,NA,2020-05-28 05:01:33,-22.12,14.28,52.0,94,0,3.0
23,Atuona,PF,2020-05-28 05:01:33,-9.8,-139.03,81.1,75,5,11.68
24,Dikson,RU,2020-05-28 05:01:33,73.51,80.55,33.1,98,100,9.01
25,Jamestown,US,2020-05-28 05:00:53,42.1,-79.24,69.01,77,1,6.93
26,Punta Arenas,CL,2020-05-28 05:01:33,-53.15,-70.92,39.2,80,98,6.93
27,Kahului,US,2020-05-28 05:00:03,20.89,-156.47,82.4,51,40,14.99
28,Pozo Colorado,PY,2020-05-28 05:01:34,-23.49,-58.8,55.71,71,0,4.79
29,Tuktoyaktuk,CA,2020-05-28 05:01:34,69.45,-133.04,37.4,74,5,12.75
30,Inhambane,MZ,2020-05-28 05:01:34,-23.86,35.38,65.23,66,24,5.66
31,Palmares Do Sul,BR,2020-05-28 05:01:34,-30.26,-50.51,50.68,80,0,3.65
32,Port Elizabeth,ZA,2020-05-28 05:01:34,-33.92,25.57,53.6,58,25,8.05
33,Alamosa,US,2020-05-28 05:01:34,37.47,-105.87,60.8,59,90,8.05
34,Bredasdorp,ZA,2020-05-28 05:01:35,-34.53,20.04,57.2,62,9,14.99
35,Griffith,US,2020-05-28 05:01:35,41.53,-87.42,71.6,83,75,7.87
36,Ruwi,OM,2020-05-28 05:01:35,23.6,58.55,98.6,35,0,13.87
37,Lensk,RU,2020-05-28 05:01:35,60.73,114.93,38.98,89,100,10.65
38,Busselton,AU,2020-05-28 05:01:35,-33.65,115.33,68.0,58,36,21.18
39,Lebu,CL,2020-05-28 05:01:35,-37.62,-73.65,51.46,69,55,19.33
40,Grindavik,IS,2020-05-28 05:01:36,63.84,-22.43,44.6,87,75,18.34
41,New Norfolk,AU,2020-05-28 05:01:36,-42.78,147.06,62.01,69,79,3.0
42,Nikolskoye,RU,2020-05-28 05:01:36,59.7,30.79,57.99,66,43,8.95
43,Akdepe,TM,2020-05-28 05:01:36,42.06,59.38,93.2,25,0,9.17
44,Rikitea,PF,2020-05-28 05:01:36,-23.12,-134.97,76.57,86,29,10.98
45,Bathsheba,BB,2020-05-28 05:01:04,13.22,-59.52,80.6,78,40,18.34
46,Hasaki,JP,2020-05-28 05:01:36,35.73,140.83,77.0,60,40,10.29
47,Vardo,NO,2020-05-28 05:01:37,70.37,31.11,46.4,81,75,3.36
48,Presidencia Roque Saenz Pena,AR,2020-05-28 05:01:37,-26.79,-60.44,54.21,85,0,6.8
49,Nishihara,JP,2020-05-28 05:01:37,26.18,127.76,82.4,83,75,4.7
50,Lavrentiya,RU,2020-05-28 05:01:37,65.58,-171.0,33.08,95,100,10.16
51,Ribeira Grande,PT,2020-05-28 05:01:37,38.52,-28.7,59.58,66,85,12.15
52,Natal,BR,2020-05-28 05:01:37,-5.79,-35.21,77.0,94,40,3.36
53,Arona,ES,2020-05-28 05:01:38,28.1,-16.68,73.0,88,20,6.93
54,Saint-Philippe,RE,2020-05-28 05:01:38,-21.36,55.77,75.99,47,20,5.82
55,Plettenberg Bay,ZA,2020-05-28 05:01:38,-34.05,23.37,56.95,50,2,10.92
56,Castro,BR,2020-05-28 05:00:19,-24.79,-50.01,43.48,83,0,2.46
57,Provideniya,RU,2020-05-28 05:01:38,64.38,-173.3,35.6,95,90,6.71
58,Avarua,CK,2020-05-28 05:01:39,-21.21,-159.78,75.2,78,1,6.93
59,Hobart,AU,2020-05-28 05:00:36,-42.88,147.33,62.6,45,40,12.75
60,Port Hardy,CA,2020-05-28 05:01:39,50.7,-127.42,57.2,71,90,2.24
61,Butaritari,KI,2020-05-28 05:01:39,3.07,172.79,82.44,78,32,14.61
62,Whitehorse,CA,2020-05-28 05:01:14,60.72,-135.05,59.0,38,75,6.93
63,Ugoofaaru,MV,2020-05-28 05:01:40,5.67,73.0,83.8,78,100,19.55
64,Ostrovnoy,RU,2020-05-28 05:01:40,68.05,39.51,50.27,60,100,15.08
65,Mataura,NZ,2020-05-28 05:01:40,-46.19,168.86,43.36,87,24,0.65
66,Yellowknife,CA,2020-05-28 05:01:40,62.46,-114.35,39.99,60,20,11.41
67,Fortuna,US,2020-05-28 05:01:40,40.6,-124.16,55.99,100,90,5.82
68,Atar,MR,2020-05-28 05:01:40,20.52,-13.05,84.0,14,0,4.92
69,Surt,LY,2020-05-28 05:01:40,31.21,16.59,67.01,68,0,12.48
70,Te Anau,NZ,2020-05-28 05:01:41,-45.42,167.72,48.06,77,8,0.58
71,Norman Wells,CA,2020-05-28 05:01:41,65.28,-126.83,60.8,55,20,2.24
72,Khor,RU,2020-05-28 05:01:41,47.89,134.95,77.49,46,70,8.43
73,Flinders,AU,2020-05-28 05:01:41,-34.58,150.86,71.01,54,8,4.0
74,Victoria,HK,2020-05-28 04:57:25,22.29,114.16,80.01,83,84,8.99
75,Barnstaple,GB,2020-05-28 05:01:41,51.08,-4.06,55.0,81,0,1.99
76,Tommot,RU,2020-05-28 05:01:41,58.96,126.29,54.79,56,100,9.4
77,Olden,NO,2020-05-28 05:01:42,61.84,6.81,42.8,93,75,6.93
78,Mastic Beach,US,2020-05-28 05:01:42,40.77,-72.85,63.0,93,90,3.36
79,Todos Santos,MX,2020-05-28 05:01:42,23.45,-110.22,64.0,85,4,3.0
80,Narsaq,GL,2020-05-28 05:01:42,60.92,-46.05,37.4,82,85,2.77
81,Klaksvik,FO,2020-05-28 05:01:42,62.23,-6.59,46.4,100,14,9.17
82,Namatanai,PG,2020-05-28 05:01:42,-3.67,152.43,81.1,81,97,5.26
83,Jiexiu,CN,2020-05-28 04:59:19,37.02,111.91,85.68,14,0,9.06
84,Meulaboh,ID,2020-05-28 05:01:43,4.14,96.13,88.14,60,94,3.62
85,Roma,US,2020-05-28 04:59:48,43.21,-75.46,69.8,73,1,3.36
86,Bluff,NZ,2020-05-28 05:01:43,-46.6,168.33,48.45,81,45,4.27
87,Hithadhoo,MV,2020-05-28 05:01:43,-0.6,73.08,84.29,75,44,10.65
88,Upernavik,GL,2020-05-28 05:01:43,72.79,-56.15,28.18,98,100,3.58
89,Carnarvon,AU,2020-05-28 05:01:43,-24.87,113.63,69.98,29,0,7.07
90,Thessalon,CA,2020-05-28 05:01:43,46.25,-83.57,60.8,87,90,7.16
91,Bengkulu,ID,2020-05-28 04:58:15,-3.8,102.27,85.66,66,100,6.33
92,Salym,RU,2020-05-28 05:01:44,60.06,71.48,61.65,57,84,8.86
93,Da Nang,VN,2020-05-28 05:01:44,16.07,108.22,89.6,62,40,5.82
94,Mandiana,GN,2020-05-28 05:01:45,10.63,-8.68,76.82,76,98,4.68
95,Sargatskoye,RU,2020-05-28 05:01:45,55.61,73.5,63.72,49,58,5.73
96,San Cristobal,VE,2020-05-28 05:01:45,7.77,-72.22,68.79,81,100,1.14
97,Traverse City,US,2020-05-28 05:01:45,44.76,-85.62,69.8,88,20,1.63
98,Kodiak,US,2020-05-28 05:01:45,57.79,-152.41,50.0,66,20,10.29
99,Grand Gaube,MU,2020-05-28 05:01:45,-20.01,57.66,78.01,73,12,10.0
100,Eureka,US,2020-05-28 05:01:45,40.8,-124.16,57.0,92,4,1.01
101,Laguna,US,2020-05-28 05:00:55,38.42,-121.42,81.0,36,1,8.05
102,Urumqi,CN,2020-05-28 05:01:46,43.8,87.6,75.2,17,36,13.42
103,Bektemir,UZ,2020-05-28 05:01:46,41.21,69.33,86.0,42,0,6.93
104,Cap Malheureux,MU,2020-05-28 05:01:46,-19.98,57.61,78.01,73,9,10.0
105,Hermanus,ZA,2020-05-28 05:01:46,-34.42,19.23,57.0,72,24,14.0
106,Iqaluit,CA,2020-05-28 05:01:46,63.75,-68.51,23.0,79,90,9.17
107,Korla,CN,2020-05-28 05:01:46,41.76,86.15,86.65,14,0,8.72
108,Carberry,CA,2020-05-28 04:58:53,49.87,-99.36,59.0,38,5,13.87
109,Lixourion,GR,2020-05-28 05:01:47,38.2,20.43,64.0,56,37,1.01
110,East London,ZA,2020-05-28 05:01:47,-33.02,27.91,53.6,35,20,11.41
111,Berlevag,NO,2020-05-28 05:01:47,70.86,29.09,39.2,86,75,9.17
112,Hot Springs,US,2020-05-28 04:59:03,34.5,-93.06,66.2,88,90,1.41
113,Bama,NG,2020-05-28 05:01:47,11.52,13.69,83.68,58,96,5.35
114,Nanortalik,GL,2020-05-28 05:01:47,60.14,-45.24,36.79,87,84,8.97
115,Chabahar,IR,2020-05-28 05:00:54,25.29,60.64,94.37,44,0,6.42
116,Cherskiy,RU,2020-05-28 05:01:48,68.75,161.3,57.49,34,39,10.58
117,Winder,US,2020-05-28 05:01:05,33.99,-83.72,68.0,94,90,3.74
118,Naze,JP,2020-05-28 05:01:48,28.37,129.48,80.6,61,20,12.75
119,Miraflores,MX,2020-05-28 05:01:48,19.22,-98.81,69.8,37,75,9.17
120,Qingdao,CN,2020-05-28 05:01:48,36.1,120.37,87.01,44,0,8.95
121,Marsh Harbour,BS,2020-05-28 05:00:03,26.54,-77.06,78.75,88,64,11.27
122,Agadez,NE,2020-05-28 05:01:48,19.75,10.25,84.36,27,96,10.07
123,Los Llanos De Aridane,ES,2020-05-28 05:01:48,28.66,-17.92,72.0,88,0,9.17
124,Port Shepstone,ZA,2020-05-28 05:01:49,-30.74,30.45,52.79,44,0,10.31
125,Aquiraz,BR,2020-05-28 05:01:49,-3.9,-38.39,80.6,83,40,3.36
126,Yulara,AU,2020-05-28 05:01:49,-25.24,130.99,73.4,28,0,9.17
127,Gatesville,US,2020-05-28 05:01:49,31.44,-97.74,66.99,93,20,9.4
128,Muzhi,RU,2020-05-28 05:01:49,65.37,64.67,55.71,73,100,9.89
129,Mahajanga,MG,2020-05-28 05:01:49,-15.72,46.32,71.6,78,0,11.41
130,Bowen,AU,2020-05-28 05:01:49,-20.02,148.23,75.2,50,0,9.17
131,Acapulco,MX,2020-05-28 05:01:50,16.86,-99.89,76.17,77,54,5.44
132,Moorhead,US,2020-05-28 05:01:50,46.87,-96.77,70.0,42,90,8.05
133,Mayna,RU,2020-05-28 05:01:50,54.11,47.62,57.63,75,0,3.53
134,Sitka,US,2020-05-28 05:01:50,57.05,-135.33,57.2,44,90,9.17
135,Mar Del Plata,AR,2020-05-28 05:01:50,-38.0,-57.56,53.01,93,39,2.24
136,New Waterford,US,2020-05-28 05:01:51,40.85,-80.61,71.6,68,75,6.93
137,Fairbanks,US,2020-05-28 05:01:51,64.84,-147.72,64.4,31,1,0.31
138,Along,IN,2020-05-28 05:01:51,28.17,94.77,85.69,45,100,2.86
139,Hofn,IS,2020-05-28 05:01:51,64.25,-15.21,46.33,80,100,13.53
140,Nuuk,GL,2020-05-28 05:01:51,64.18,-51.72,32.0,92,93,11.41
141,Georgetown,MY,2020-05-28 05:01:51,5.41,100.34,89.6,75,20,3.36
142,Paraiso,CR,2020-05-28 05:01:51,9.84,-83.87,68.0,94,100,4.7
143,Chuy,UY,2020-05-28 05:01:52,-33.7,-53.46,50.41,90,0,7.7
144,Arraial Do Cabo,BR,2020-05-28 05:01:52,-22.97,-42.03,68.41,75,17,21.27
145,Cabedelo,BR,2020-05-28 05:01:52,-6.98,-34.83,78.91,84,5,6.24
146,Maragogi,BR,2020-05-28 05:01:52,-9.01,-35.22,75.88,89,33,3.65
147,Pevek,RU,2020-05-28 05:01:52,69.7,170.31,37.76,78,11,13.15
148,Severo-Kurilsk,RU,2020-05-28 05:01:52,50.68,156.12,38.43,92,100,16.49
149,Lukovetskiy,RU,2020-05-28 05:01:52,64.3,41.92,60.8,41,9,4.47
150,Saldanha,ZA,2020-05-28 05:01:53,-33.01,17.94,51.8,81,61,4.7
151,Tura,IN,2020-05-28 05:01:53,25.52,90.22,75.36,93,86,4.43
152,Toumodi,CI,2020-05-28 05:01:53,6.56,-5.02,75.0,100,100,4.0
153,Royan,FR,2020-05-28 05:01:53,45.63,-1.03,60.01,67,0,6.93
154,Cockburn Town,TC,2020-05-28 05:01:53,21.46,-71.14,81.09,79,96,14.47
155,Zhigansk,RU,2020-05-28 05:01:53,66.77,123.37,40.15,66,95,27.07
156,Vaini,TO,2020-05-28 05:01:53,-21.2,-175.2,78.8,83,40,2.24
157,Shitkino,RU,2020-05-28 04:58:56,56.37,98.35,51.49,57,97,10.11
158,Kasempa,ZM,2020-05-28 05:01:54,-13.46,25.83,54.9,55,46,4.36
159,Malia,GR,2020-05-28 05:01:54,35.28,25.47,66.99,63,40,13.87
160,Tiksi,RU,2020-05-28 05:01:54,71.69,128.87,31.14,94,100,10.49
161,Talnakh,RU,2020-05-28 05:01:54,69.49,88.4,37.4,74,75,8.95
162,Marawi,PH,2020-05-28 05:01:54,8.0,124.29,86.0,78,98,4.0
163,Llandrindod Wells,GB,2020-05-28 05:01:54,52.24,-3.38,55.0,69,91,3.8
164,Hilo,US,2020-05-28 05:01:54,19.73,-155.09,78.8,65,90,5.82
165,Chokurdakh,RU,2020-05-28 05:01:55,70.63,147.92,61.12,30,37,22.1
166,Mufulira,ZM,2020-05-28 05:01:55,-12.55,28.24,57.99,70,73,3.31
167,Tasiilaq,GL,2020-05-28 05:01:55,65.61,-37.64,33.8,86,95,2.24
168,Cidreira,BR,2020-05-28 05:00:21,-30.18,-50.21,52.88,75,0,3.4
169,Tadine,NC,2020-05-28 05:01:55,-21.55,167.88,74.77,77,93,11.41
170,Thompson,CA,2020-05-28 05:01:16,55.74,-97.86,37.4,100,90,16.11
171,Smolenka,RU,2020-05-28 05:01:55,52.14,113.5,60.8,44,40,4.47
172,Puerto Ayora,EC,2020-05-28 05:01:56,-0.74,-90.35,73.0,92,51,1.01
173,Baringo,KE,2020-05-28 05:01:56,0.47,35.97,73.51,59,9,6.89
174,Esperance,AU,2020-05-28 05:01:56,-33.87,121.9,68.0,52,1,23.04
175,Tahoua,NE,2020-05-28 05:01:56,14.89,5.27,78.8,65,92,9.17
176,Kiruna,SE,2020-05-28 05:01:56,67.86,20.23,39.2,69,82,5.82
177,Cootamundra,AU,2020-05-28 05:01:56,-34.65,148.03,62.01,56,1,3.0
178,Kodinsk,RU,2020-05-28 05:01:57,58.69,99.18,53.8,41,100,6.46
179,Svetlogorsk,BY,2020-05-28 05:01:57,52.63,29.73,55.44,81,51,3.22
180,Lumby,CA,2020-05-28 05:01:57,50.25,-118.97,59.0,51,1,17.22
181,Lagoa,PT,2020-05-28 05:01:57,39.05,-27.98,58.89,67,73,12.62
182,San Patricio,MX,2020-05-28 05:01:57,19.22,-104.7,69.66,87,0,6.17
183,Dukat,RU,2020-05-28 05:01:57,62.55,155.55,32.76,90,57,8.88
184,Luderitz,NA,2020-05-28 05:01:57,-26.65,15.16,46.4,70,0,2.24
185,Gumdag,TM,2020-05-28 05:01:58,39.21,54.59,77.14,42,0,7.09
186,Kyren,RU,2020-05-28 05:01:58,51.68,102.14,45.9,58,100,2.95
187,Junnar,IN,2020-05-28 05:01:58,19.2,73.88,88.02,40,30,14.43
188,Kaitangata,NZ,2020-05-28 05:01:58,-46.28,169.85,48.0,81,32,2.95
189,Curup,ID,2020-05-28 05:01:58,-3.47,102.53,86.61,50,100,1.9
190,Barrow,US,2020-05-28 04:58:09,71.29,-156.79,30.2,92,40,4.7
191,Destin,US,2020-05-28 05:01:59,30.39,-86.5,79.0,88,20,4.7
192,Keuruu,FI,2020-05-28 05:01:59,62.27,24.7,51.8,71,76,6.93
193,Batagay,RU,2020-05-28 05:01:59,67.63,134.63,36.9,83,100,10.67
194,Tuni,IN,2020-05-28 05:01:59,17.35,82.55,95.0,54,45,10.07
195,Qaanaaq,GL,2020-05-28 05:01:59,77.48,-69.36,24.22,94,100,0.45
196,Caravelas,BR,2020-05-28 05:01:59,-17.71,-39.25,70.92,70,0,8.41
197,Hami,CN,2020-05-28 05:02:00,42.8,93.45,77.13,26,84,33.15
198,Mayo,US,2020-05-28 05:02:00,38.89,-76.51,71.6,83,90,8.05
199,Matara,LK,2020-05-28 05:02:00,5.95,80.54,82.35,84,100,10.18
200,Sola,VU,2020-05-28 05:02:00,-13.88,167.55,80.98,79,24,17.49
201,San Roque,ES,2020-05-28 05:02:01,36.21,-5.38,66.2,88,40,16.11
202,Buala,SB,2020-05-28 05:02:01,-8.14,159.59,84.43,73,98,9.19
203,Yuxia,CN,2020-05-28 05:02:01,34.06,108.63,84.2,26,94,4.47
204,Kungurtug,RU,2020-05-28 05:02:01,50.6,97.52,40.14,72,100,5.7
205,Yaan,NG,2020-05-28 05:02:01,7.38,8.57,75.45,94,100,6.15
206,Nouakchott,MR,2020-05-28 05:00:48,18.09,-15.98,73.4,78,0,12.75
207,Erenhot,CN,2020-05-28 05:02:01,43.65,111.98,85.21,14,0,16.11
208,Bria,CF,2020-05-28 05:02:02,6.54,21.99,71.71,90,34,1.57
209,Praia Da Vitoria,PT,2020-05-28 05:02:02,38.73,-27.07,59.0,77,20,13.58
210,Kankon,IN,2020-05-28 05:02:02,15.02,74.02,87.91,65,29,12.37
211,Mount Gambier,AU,2020-05-28 05:02:02,-37.83,140.77,59.0,87,75,9.17
212,Nchelenge,ZM,2020-05-28 05:02:02,-9.35,28.73,70.21,63,58,2.06
213,Kurchum,KZ,2020-05-28 05:02:02,48.57,83.65,64.62,29,0,18.75
214,Lae,PG,2020-05-28 05:02:02,-6.72,146.98,85.95,58,56,7.0
215,Palmer,US,2020-05-28 04:59:37,42.16,-72.33,68.0,82,1,9.17
216,Nsoko,SZ,2020-05-28 05:02:03,-27.03,31.95,37.4,86,0,1.12
217,Cape Town,ZA,2020-05-28 04:58:54,-33.93,18.42,57.99,71,75,18.34
218,Mawlaik,MM,2020-05-28 05:02:03,23.63,94.42,87.6,55,100,1.7
219,Hirara,JP,2020-05-28 05:02:03,24.8,125.28,84.2,78,75,8.05
220,Hovd,MN,2020-05-28 05:02:04,48.01,91.64,42.33,63,100,1.9
221,Opuwo,NA,2020-05-28 05:02:04,-18.06,13.84,54.25,62,17,4.18
222,Egvekinot,RU,2020-05-28 05:02:04,66.32,-179.17,31.33,100,100,5.77
223,Qarchi Gak,AF,2020-05-28 05:02:04,37.04,66.79,89.6,28,20,3.36
224,Yerbogachen,RU,2020-05-28 05:02:04,61.28,108.01,45.75,54,100,8.86
225,Mocuba,MZ,2020-05-28 05:02:04,-16.84,36.99,70.93,97,81,4.38
226,Port Lincoln,AU,2020-05-28 05:02:04,-34.73,135.87,62.2,59,22,11.14
227,Sibu,MY,2020-05-28 05:02:04,2.3,111.82,87.8,74,75,8.05
228,Torbay,CA,2020-05-28 05:02:05,47.67,-52.73,37.0,69,75,5.82
229,Bandarbeyla,SO,2020-05-28 05:02:05,9.49,50.81,86.52,62,73,22.57
230,Kupang,ID,2020-05-28 05:02:05,-10.17,123.58,82.4,83,75,4.7
231,Altamont,US,2020-05-28 04:57:51,42.21,-121.74,71.6,53,1,6.93
232,Tomiya,JP,2020-05-28 05:02:05,38.39,140.89,71.6,40,40,12.75
233,Avera,US,2020-05-28 05:02:05,33.19,-82.53,69.8,93,75,5.26
234,Libertador General San Martin,AR,2020-05-28 05:02:05,-23.81,-64.79,58.91,60,0,1.83
235,Yar-Sale,RU,2020-05-28 05:02:06,66.83,70.83,53.19,43,58,15.23
236,Daru,PG,2020-05-28 05:02:06,-9.08,143.21,80.31,81,85,16.35
237,Haapiti,PF,2020-05-28 05:02:06,-17.57,-149.87,80.6,78,75,5.82
238,Sumkino,RU,2020-05-28 05:02:06,58.11,68.32,67.64,51,59,13.42
239,Mahebourg,MU,2020-05-28 05:02:06,-20.41,57.7,77.0,73,40,12.75
240,Yichang,CN,2020-05-28 05:02:06,30.71,111.28,89.62,30,99,3.62
241,Ilulissat,GL,2020-05-28 05:02:06,69.22,-51.1,33.8,69,73,2.24
242,Ketchikan,US,2020-05-28 05:02:06,55.34,-131.65,55.4,54,40,3.02
243,Goma,CD,2020-05-28 05:00:00,-1.68,29.22,64.06,80,71,2.59
244,Santa Vitoria Do Palmar,BR,2020-05-28 05:00:08,-33.52,-53.37,51.4,91,0,7.34
245,Bambous Virieux,MU,2020-05-28 05:02:07,-20.34,57.76,78.01,73,40,12.75
246,Lorengau,PG,2020-05-28 05:02:07,-2.02,147.27,79.54,87,100,10.85
247,Broome,US,2020-05-28 05:02:07,42.25,-75.83,68.0,68,1,4.7
248,Touros,BR,2020-05-28 05:02:07,-5.2,-35.46,75.2,100,20,2.24
249,Rosita,NI,2020-05-28 05:02:08,13.93,-84.4,75.33,97,86,1.36
250,Mumford,GH,2020-05-28 05:02:08,5.26,-0.76,78.96,88,99,7.0
251,Vestmanna,FO,2020-05-28 05:02:08,62.16,-7.17,46.4,100,39,9.17
252,Omboue,GA,2020-05-28 05:02:08,-1.57,9.26,76.26,90,100,5.28
253,Ganzhou,CN,2020-05-28 05:02:08,28.82,115.43,85.6,50,92,1.57
254,Gusau,NG,2020-05-28 05:02:08,12.16,6.66,79.27,64,99,5.88
255,Derzhavinsk,KZ,2020-05-28 05:02:08,51.1,66.32,70.25,39,0,13.24
256,Ust-Karsk,RU,2020-05-28 05:02:09,52.7,118.81,56.59,83,97,2.53
257,Labytnangi,RU,2020-05-28 04:57:28,66.66,66.42,46.6,67,100,13.67
258,Brae,GB,2020-05-28 05:02:09,60.4,-1.35,48.2,87,90,11.41
259,Visnes,NO,2020-05-28 05:02:09,59.36,5.22,48.0,93,29,2.24
260,Les Cayes,HT,2020-05-28 05:02:09,18.2,-73.75,77.97,82,100,3.36
261,Acajutla,SV,2020-05-28 05:00:10,13.59,-89.83,73.99,97,100,5.21
262,Litovko,RU,2020-05-28 05:02:10,49.24,135.17,81.09,34,17,2.3
263,Kruisfontein,ZA,2020-05-28 05:02:10,-34.0,24.73,50.0,49,8,12.73
264,Lieksa,FI,2020-05-28 05:02:10,63.32,30.02,48.78,78,100,9.19
265,Sabang,ID,2020-05-28 05:02:10,5.89,95.32,84.54,72,88,6.82
266,Caohai,CN,2020-05-28 04:58:32,26.87,104.28,49.53,87,99,3.71
267,Crossville,US,2020-05-28 05:02:10,35.95,-85.03,64.0,93,90,4.7
268,Ust-Maya,RU,2020-05-28 05:02:11,60.42,134.53,80.42,29,100,11.14
269,Fort Nelson,CA,2020-05-28 04:59:05,58.81,-122.7,59.0,54,40,2.51
270,Alofi,NU,2020-05-28 05:02:11,-19.06,-169.92,78.8,83,90,5.82
271,Faanui,PF,2020-05-28 05:02:11,-16.48,-151.75,81.39,75,22,9.89
272,Victor Harbor,AU,2020-05-28 05:02:11,-35.57,138.62,61.0,72,18,8.75
273,Macae,BR,2020-05-28 05:02:11,-22.37,-41.79,62.6,82,5,2.24
274,Gaoua,BF,2020-05-28 05:02:11,10.3,-3.25,77.49,79,94,3.13
275,Anloga,GH,2020-05-28 05:02:12,5.79,0.9,78.8,94,20,5.82
276,Luau,AO,2020-05-28 05:02:12,-10.71,22.22,60.98,62,84,4.09
277,Puerto Del Rosario,ES,2020-05-28 05:02:12,28.5,-13.86,64.4,77,4,1.12
278,Pipri,IN,2020-05-28 05:02:12,19.8,75.53,89.6,46,57,8.05
279,Bonthe,SL,2020-05-28 05:02:12,7.53,-12.51,79.43,83,99,3.65
280,Padang,ID,2020-05-28 05:02:13,-0.95,100.35,87.73,60,68,5.03
281,Mokhsogollokh,RU,2020-05-28 05:02:13,61.47,128.92,52.07,82,100,10.2
282,Lompoc,US,2020-05-28 04:59:58,34.64,-120.46,57.99,93,1,4.7
283,Lander,US,2020-05-28 05:02:13,42.83,-108.73,64.4,45,75,8.05
284,Atasu,KZ,2020-05-28 05:02:14,48.68,71.64,67.87,26,0,12.8
285,Langsa,ID,2020-05-28 05:02:14,4.47,97.97,93.07,52,81,4.88
286,Choma,ZM,2020-05-28 05:02:14,-16.81,26.95,53.94,41,0,5.3
287,Ust-Tsilma,RU,2020-05-28 05:02:14,65.44,52.15,57.02,56,96,6.24
288,Jalu,LY,2020-05-28 05:02:14,29.03,21.55,66.76,50,24,13.96
289,Darhan,MN,2020-05-28 05:02:15,49.49,105.92,50.88,54,100,19.22
290,Kamaishi,JP,2020-05-28 05:02:15,39.27,141.88,64.4,55,75,8.05
291,Ulagan,RU,2020-05-28 05:02:15,50.63,87.96,51.26,44,80,4.65
292,Port Blair,IN,2020-05-28 05:02:15,11.67,92.75,87.31,74,91,11.88
293,Astorga,BR,2020-05-28 05:02:15,-23.23,-51.67,49.71,81,0,4.21
294,Hanna,CA,2020-05-28 05:00:16,51.63,-111.9,52.0,61,0,7.83
295,Kedgwick,CA,2020-05-28 05:02:15,47.64,-67.34,66.24,96,66,8.23
296,Mackay,AU,2020-05-28 05:02:16,-21.15,149.2,77.0,60,0,12.75
297,Samarai,PG,2020-05-28 05:02:16,-10.62,150.67,81.84,82,26,10.98
298,Salinas,US,2020-05-28 05:02:16,36.68,-121.66,59.0,82,1,4.7
299,Pathein,MM,2020-05-28 05:02:17,16.78,94.73,95.54,47,91,6.51
300,Qarqin,AF,2020-05-28 05:02:17,37.42,66.04,91.42,19,0,12.66
301,Le Port,RE,2020-05-28 05:02:17,-20.94,55.29,77.0,69,20,12.75
302,Asau,RO,2020-05-28 05:02:17,46.43,26.4,50.0,84,40,5.14
303,Pisco,PE,2020-05-28 04:59:24,-13.7,-76.22,66.2,77,90,2.24
304,Hamilton,US,2020-05-28 05:00:31,39.18,-84.53,72.0,88,20,7.74
305,Oskarshamn,SE,2020-05-28 05:02:17,57.26,16.45,54.0,84,9,1.01
306,Ngunguru,NZ,2020-05-28 05:02:18,-35.62,174.5,57.99,96,37,3.0
307,Kaili,ID,2020-05-28 05:02:18,-3.46,120.21,80.74,73,91,3.98
308,General Jose Eduvigis Diaz,PY,2020-05-28 05:02:18,-27.17,-58.42,57.2,76,0,4.7
309,Konskie,PL,2020-05-28 05:02:18,51.19,20.41,53.01,86,53,55.99
310,Novyy Urgal,RU,2020-05-28 05:02:18,51.07,132.56,82.56,19,0,5.68
311,Okhotsk,RU,2020-05-28 05:02:18,59.38,143.3,38.91,77,99,9.22
312,Timra,SE,2020-05-28 04:59:34,62.49,17.33,48.2,61,68,10.29
313,Dandong,CN,2020-05-28 05:02:19,40.13,124.39,72.1,49,1,4.32
314,Adrar,MR,2020-05-28 05:02:06,20.5,-10.07,80.78,16,0,2.89
315,Iralaya,HN,2020-05-28 05:02:19,15.0,-83.23,82.09,81,100,10.25
316,Inirida,CO,2020-05-28 05:02:19,3.87,-67.92,73.99,97,83,1.81
317,Geraldton,AU,2020-05-28 05:02:19,-28.77,114.6,69.8,43,90,9.17
318,Bireun,ID,2020-05-28 05:02:19,5.2,96.7,86.7,67,82,5.55
319,Arkhangelskoye,RU,2020-05-28 05:02:19,55.85,35.33,54.41,84,95,5.03
320,Kushima,JP,2020-05-28 05:02:20,31.46,131.23,78.8,69,40,10.29
321,Merthyr Tydfil,GB,2020-05-28 05:02:20,51.75,-3.38,54.0,84,64,3.98
322,Bulgan,MN,2020-05-28 05:02:20,48.81,103.53,41.63,74,100,15.37
323,Nemuro,JP,2020-05-28 05:02:20,43.32,145.57,66.2,52,20,4.7
324,Ortigueira,BR,2020-05-28 05:00:53,-24.21,-50.95,45.82,88,0,2.59
325,Ottawa,CA,2020-05-28 05:00:03,45.41,-75.7,77.0,65,75,6.93
326,Mildura,AU,2020-05-28 05:00:06,-34.2,142.15,68.0,52,40,6.93
327,Port Hedland,AU,2020-05-28 05:02:21,-20.32,118.57,77.0,44,21,13.87
328,Puerto Gaitan,CO,2020-05-28 04:57:39,4.31,-72.08,74.32,87,89,7.25
329,Namibe,AO,2020-05-28 05:02:21,-15.2,12.15,71.06,65,38,5.75
330,Yumen,CN,2020-05-28 05:02:21,40.28,97.2,81.21,15,69,18.95
331,Gao,ML,2020-05-28 05:02:13,16.64,1.64,80.76,50,60,15.1
332,Labrea,BR,2020-05-28 05:02:22,-7.26,-64.8,71.46,79,100,2.1
333,Cap-Aux-Meules,CA,2020-05-28 05:02:22,47.38,-61.86,46.44,99,94,15.37
334,Wajir,KE,2020-05-28 05:02:22,1.75,40.06,78.8,78,75,14.81
335,Kirovohrad,UA,2020-05-28 05:02:22,48.51,32.26,54.03,93,100,16.08
336,Kloulklubed,PW,2020-05-28 05:02:22,7.04,134.26,86.0,74,75,6.93
337,Lasa,IT,2020-05-28 05:02:22,46.62,10.7,48.99,81,5,3.36
338,Davidson,US,2020-05-28 05:02:22,36.15,-86.78,69.8,83,90,9.17
339,Gat,IL,2020-05-28 05:02:23,31.61,34.76,71.01,81,74,1.01
340,Codrington,AU,2020-05-28 05:02:23,-38.27,141.97,59.07,77,54,9.55
341,Kawalu,ID,2020-05-28 05:02:23,-7.38,108.21,81.68,76,99,3.24
342,Bulnes,CL,2020-05-28 05:02:23,-36.74,-72.3,48.2,81,20,5.82
343,Turukhansk,RU,2020-05-28 05:02:23,65.82,87.98,50.83,47,16,12.3
344,Beitbridge,ZW,2020-05-28 05:02:23,-22.22,30.0,58.73,75,33,12.97
345,Guerrero Negro,MX,2020-05-28 05:02:24,27.98,-114.06,65.79,82,0,13.65
346,San Rafael,AR,2020-05-28 05:02:24,-34.62,-68.33,53.02,55,30,6.2
347,Minas,UY,2020-05-28 05:01:04,-34.38,-55.24,63.0,81,0,4.7
348,Russell,US,2020-05-28 05:02:24,32.35,-85.2,73.4,94,90,5.82
349,Syasstroy,RU,2020-05-28 05:02:24,60.14,32.57,53.67,64,22,3.8
350,Garowe,SO,2020-05-28 05:02:24,8.41,48.48,83.21,60,95,19.22
351,High Rock,BS,2020-05-28 05:02:25,26.62,-78.28,79.95,85,10,14.67
352,Kuytun,RU,2020-05-28 05:02:25,54.34,101.5,50.23,48,99,12.62
353,Liling,CN,2020-05-28 05:02:25,27.67,113.5,84.2,62,20,4.47
354,Vancouver,CA,2020-05-28 04:58:39,49.25,-123.12,62.01,87,75,4.7
355,Shaturtorf,RU,2020-05-28 05:02:25,55.57,39.42,59.18,63,0,4.25
356,Almeirim,BR,2020-05-28 05:02:25,-1.52,-52.58,74.34,95,61,2.3
357,Jalna,IN,2020-05-28 05:02:26,19.83,75.88,89.6,46,55,8.05
358,Zyryanka,RU,2020-05-28 05:02:26,65.75,150.85,60.98,31,0,21.07
359,Nenjiang,CN,2020-05-28 05:02:26,49.18,125.22,78.28,30,0,13.76
360,San Ramon,US,2020-05-28 04:59:17,37.78,-121.98,79.0,50,1,6.93
361,Carlisle,US,2020-05-28 05:02:26,40.2,-77.19,70.0,90,100,4.72
362,Ahipara,NZ,2020-05-28 05:02:26,-35.17,173.17,60.87,83,30,8.5
363,Sijunjung,ID,2020-05-28 05:02:27,-0.69,100.95,93.22,46,51,2.57
364,Preobrazheniye,RU,2020-05-28 05:02:27,42.9,133.91,63.23,50,1,8.3
365,Kincardine,GB,2020-05-28 05:02:27,56.07,-3.72,53.01,93,95,3.36
366,Lewistown,US,2020-05-28 05:02:27,40.6,-77.57,71.6,78,75,3.29
367,Eydhafushi,MV,2020-05-28 05:02:27,5.1,73.07,83.7,78,92,18.05
368,Ajdabiya,LY,2020-05-28 05:02:27,30.76,20.23,63.41,59,22,10.02
369,Menongue,AO,2020-05-28 05:02:27,-14.66,17.69,51.66,71,52,2.95
370,Porbandar,IN,2020-05-28 05:02:28,21.64,69.61,93.2,59,40,11.41
371,Isangel,VU,2020-05-28 05:02:28,-19.55,169.27,78.8,69,8,5.82
372,Kalemie,CD,2020-05-28 05:02:28,-5.95,29.19,72.27,75,57,1.05
373,Vila Velha,BR,2020-05-28 04:57:43,-20.33,-40.29,68.0,93,0,5.82
374,Leh,IN,2020-05-28 05:02:28,34.17,77.58,52.25,34,100,4.76
375,Sainte-Marie,RE,2020-05-28 05:02:28,-20.9,55.55,77.0,69,20,12.75
376,Kapoeta,SS,2020-05-28 05:02:28,4.77,33.59,77.79,69,9,3.38
377,Bethel,US,2020-05-28 05:02:28,41.37,-73.41,64.4,93,40,4.7
378,Kimberley,ZA,2020-05-28 05:02:29,-28.73,24.76,30.2,80,3,2.24
379,Santa Rosa,PH,2020-05-28 05:02:29,14.31,121.11,95.0,56,20,6.93
380,Richards Bay,ZA,2020-05-28 05:02:29,-28.78,32.04,54.77,52,0,8.3
381,Sechura,PE,2020-05-28 05:02:29,-5.56,-80.82,70.21,80,50,5.95
382,Umm Lajj,SA,2020-05-28 05:02:29,25.02,37.27,83.71,46,0,13.0
383,Sinnamary,GF,2020-05-28 05:02:30,5.38,-52.95,78.46,86,38,11.14
384,Manono,CD,2020-05-28 05:02:05,-7.3,27.42,70.41,67,2,3.15
385,Mandan,US,2020-05-28 04:58:18,46.83,-100.89,62.6,47,1,5.82
386,Gigmoto,PH,2020-05-28 05:02:30,13.78,124.39,88.34,65,27,9.57
387,Leningradskiy,RU,2020-05-28 05:02:30,69.38,178.42,34.43,95,38,11.97
388,Ilo,PE,2020-05-28 05:02:09,-17.64,-71.34,63.55,82,4,2.21
389,Aykhal,RU,2020-05-28 05:02:30,66.0,111.5,32.0,94,90,6.71
390,Mukhen,RU,2020-05-28 05:02:30,48.1,136.1,74.86,48,68,7.52
391,Salalah,OM,2020-05-28 05:02:31,17.02,54.09,82.4,88,75,6.93
392,Krasnoselkup,RU,2020-05-28 05:02:31,65.7,82.47,51.64,46,1,7.49
393,Santa Cruz,BO,2020-05-28 05:02:31,-17.8,-63.17,59.0,87,0,3.36
394,Batu Arang,MY,2020-05-28 05:02:31,3.32,101.47,93.0,70,20,2.24
395,Tungor,RU,2020-05-28 05:02:31,53.38,142.96,45.97,60,80,12.84
396,Hashtrud,IR,2020-05-28 05:02:31,37.48,47.05,70.34,42,27,6.46
397,Starogard Gdanski,PL,2020-05-28 05:02:32,53.96,18.53,54.0,100,100,5.86
398,Komsomolskiy,UZ,2020-05-28 05:02:32,40.43,71.72,87.8,25,60,6.93
399,Sakakah,SA,2020-05-28 05:02:32,29.97,40.21,73.4,33,0,12.75
400,Postoloprty,CZ,2020-05-28 05:02:32,50.36,13.7,51.01,89,100,3.0
401,Stromness,GB,2020-05-28 05:02:32,58.97,-3.3,50.0,93,94,11.41
402,Deep River,CA,2020-05-28 05:02:32,46.1,-77.5,75.2,60,1,2.24
403,Mahina,PF,2020-05-28 05:02:32,-17.51,-149.49,80.6,78,75,5.82
404,Hammerfest,NO,2020-05-28 05:02:33,70.66,23.68,41.0,93,75,13.87
405,Zwedru,LR,2020-05-28 05:02:33,6.07,-8.13,73.2,98,100,3.4
406,Cabo San Lucas,MX,2020-05-28 05:00:23,22.89,-109.91,78.01,72,5,11.41
407,Kavieng,PG,2020-05-28 05:02:33,-2.57,150.8,83.44,73,100,5.44
408,Leshukonskoye,RU,2020-05-28 05:02:33,64.9,45.76,58.23,56,44,3.85
409,Puerto Escondido,MX,2020-05-28 05:02:33,15.85,-97.07,81.28,74,58,8.1
410,Lexington,US,2020-05-28 05:02:33,37.99,-84.48,71.01,94,90,9.53
411,Isla Vista,US,2020-05-28 05:02:33,34.41,-119.86,66.2,93,90,8.05
412,Salinopolis,BR,2020-05-28 05:02:34,-0.61,-47.36,79.12,86,84,8.57
413,Arman,RU,2020-05-28 05:02:34,59.7,150.17,41.79,68,80,6.38
414,Rundu,NA,2020-05-28 05:02:34,-17.93,19.77,48.2,49,0,2.24
415,Mana,GF,2020-05-28 05:02:34,5.66,-53.78,78.04,88,82,9.08
416,Fare,PF,2020-05-28 05:02:34,-16.7,-151.02,81.99,76,25,10.18
417,Haines Junction,CA,2020-05-28 05:02:34,60.75,-137.51,58.51,36,76,3.15
418,Quatre Cocos,MU,2020-05-28 05:02:34,-20.21,57.76,78.01,73,40,12.75
419,Khorixas,NA,2020-05-28 05:02:35,-20.37,14.97,55.47,38,0,4.05
420,Anda,CN,2020-05-28 05:02:35,46.4,125.32,78.75,22,0,10.4
421,Sorland,NO,2020-05-28 05:02:35,67.67,12.69,44.6,93,75,13.87
422,Cortland,US,2020-05-28 05:02:35,42.6,-76.08,68.0,100,1,7.78
423,Paamiut,GL,2020-05-28 05:00:24,61.99,-49.67,34.39,90,94,19.24
424,Kano,NG,2020-05-28 05:02:35,12.0,8.52,78.8,69,99,6.93
425,Husavik,IS,2020-05-28 05:02:35,66.04,-17.34,50.0,53,40,33.33
426,Kutum,SD,2020-05-28 05:02:36,14.2,24.67,72.59,18,1,6.89
427,Gamba,GA,2020-05-28 05:02:36,-2.65,10.0,75.99,89,93,6.49
428,Beringovskiy,RU,2020-05-28 05:02:36,63.05,179.32,36.3,84,65,10.76
429,Seoul,KR,2020-05-28 05:00:01,37.57,126.98,73.4,46,40,11.41
430,Samana,DO,2020-05-28 05:02:36,19.21,-69.34,76.55,87,100,2.28
431,Kamenka,RU,2020-05-28 05:02:36,51.32,42.77,61.0,76,16,11.99
432,Sikeston,US,2020-05-28 05:00:08,36.88,-89.59,73.4,88,1,5.82
433,Batagay-Alyta,RU,2020-05-28 05:02:36,67.8,130.41,33.84,86,100,13.22
434,Pochutla,MX,2020-05-28 05:02:37,15.74,-96.47,82.99,59,39,4.79
435,Sayyan,YE,2020-05-28 05:02:37,15.17,44.32,66.99,35,3,13.51
436,Oshkosh,US,2020-05-28 05:01:01,44.02,-88.54,71.6,83,90,5.82
437,Goderich,CA,2020-05-28 05:01:16,43.75,-81.72,70.0,81,99,11.77
438,Burla,IN,2020-05-28 05:02:37,21.5,83.87,95.0,56,3,1.12
439,Srednekolymsk,RU,2020-05-28 05:02:37,67.45,153.68,61.07,29,0,18.41
440,Badnawar,IN,2020-05-28 05:02:37,23.02,75.22,89.6,55,0,17.22
441,Yinchuan,CN,2020-05-28 05:02:38,38.47,106.27,83.21,13,0,10.6
442,Placido De Castro,BR,2020-05-28 05:02:38,-10.34,-67.19,65.3,82,99,1.92
443,Price,US,2020-05-28 05:02:38,39.6,-110.81,71.6,35,1,8.05
444,Chernyshevskiy,RU,2020-05-28 05:02:38,63.01,112.47,42.19,58,100,11.05
445,Biltine,TD,2020-05-28 05:02:38,14.53,20.92,80.35,15,87,13.31
446,Bogovarovo,RU,2020-05-28 05:02:38,58.98,47.02,54.09,83,21,6.24
447,Malkara,TR,2020-05-28 04:58:38,40.89,26.9,51.84,86,28,7.07
448,Aulla,IT,2020-05-28 05:02:39,44.21,9.97,64.0,74,0,3.36
449,Tynda,RU,2020-05-28 05:02:39,55.17,124.72,72.54,38,100,10.09
450,Gorontalo,ID,2020-05-28 05:02:39,0.54,123.06,84.94,80,83,4.14
451,Dannenberg,DE,2020-05-28 05:02:39,53.1,11.09,53.01,69,0,1.99
452,Tamale,GH,2020-05-28 05:02:39,9.4,-0.84,79.11,81,74,5.48
453,Kimbe,PG,2020-05-28 05:02:40,-5.55,150.14,80.89,81,100,3.56
454,Seguin,US,2020-05-28 05:01:18,29.57,-97.96,69.8,77,20,11.41
455,Santiago,CL,2020-05-28 05:00:01,-33.46,-70.65,53.6,87,98,4.7
456,Orebro,SE,2020-05-28 04:59:38,59.27,15.21,55.99,66,35,6.93
457,Siavonga,ZM,2020-05-28 05:02:40,-16.54,28.71,65.95,40,0,6.22
458,Prince Rupert,CA,2020-05-28 05:02:40,54.32,-130.32,59.0,54,90,3.36
459,Slidell,US,2020-05-28 05:02:40,30.28,-89.78,73.0,88,75,4.7
460,Mutuipe,BR,2020-05-28 05:02:41,-13.23,-39.5,71.46,96,73,5.82
461,Linjiang,CN,2020-05-28 05:02:41,41.81,126.91,72.97,42,6,2.01
462,Mansar,IN,2020-05-28 05:02:41,21.4,79.25,102.2,21,0,11.41
463,Mingyue,CN,2020-05-28 05:02:41,43.11,128.92,71.01,42,33,3.71
464,Tomatlan,MX,2020-05-28 05:02:41,19.93,-105.25,67.23,93,0,1.61
465,Puerto Colombia,CO,2020-05-28 05:02:41,10.99,-74.95,82.4,83,40,3.36
466,Kieta,PG,2020-05-28 05:02:41,-6.22,155.63,85.03,67,45,3.67
467,Sur,OM,2020-05-28 05:02:41,22.57,59.53,97.03,36,1,3.87
468,Gardendale,US,2020-05-28 05:02:42,33.66,-86.81,64.4,93,90,4.7
469,Half Moon Bay,US,2020-05-28 05:02:42,37.46,-122.43,64.4,93,90,4.7
470,Riachao Das Neves,BR,2020-05-28 05:02:42,-11.75,-44.91,68.86,91,12,0.81
471,Taksimo,RU,2020-05-28 05:02:42,56.34,114.88,55.06,38,79,9.89
472,Penzance,GB,2020-05-28 04:57:57,50.12,-5.54,59.0,87,48,16.11
473,Souillac,MU,2020-05-28 05:02:42,-20.52,57.52,77.0,73,40,12.75
474,Cape Coast,GH,2020-05-28 05:02:43,5.11,-1.25,79.29,87,98,7.96
475,Itarema,BR,2020-05-28 05:02:43,-2.92,-39.92,75.81,90,4,8.52
476,Kalmunai,LK,2020-05-28 05:02:43,7.42,81.82,88.57,64,37,8.41
477,Zabid,YE,2020-05-28 05:02:43,14.2,43.32,90.57,60,11,6.2
478,Sisimiut,GL,2020-05-28 05:02:43,66.94,-53.67,31.51,94,18,7.02
479,Porangatu,BR,2020-05-28 05:02:43,-13.44,-49.15,64.17,73,0,2.59
480,Swan Hill,AU,2020-05-28 05:02:44,-35.34,143.55,64.9,50,0,6.42
481,Butajira,ET,2020-05-28 05:02:44,8.12,38.37,65.39,65,48,2.82
482,Cheltenham,GB,2020-05-28 05:02:44,51.9,-2.08,53.01,79,77,3.0
483,Rancharia,BR,2020-05-28 05:02:44,-22.23,-50.89,52.75,79,0,5.01
484,Nesna,NO,2020-05-28 05:02:44,66.2,13.02,44.6,87,75,16.11
485,Roebourne,AU,2020-05-28 05:02:44,-20.78,117.13,76.75,40,47,12.12
486,Petropavlovsk-Kamchatskiy,RU,2020-05-28 04:58:41,53.05,158.65,42.8,75,75,13.42
487,Nara,JP,2020-05-28 05:01:09,34.69,135.8,82.99,29,40,11.41
488,Payo,ID,2020-05-28 05:02:45,-3.75,103.64,89.94,56,100,3.83
489,Tocopilla,CL,2020-05-28 05:02:45,-22.09,-70.2,60.15,67,19,2.57
490,Valparaiso,CL,2020-05-28 05:02:37,-33.04,-71.63,55.4,93,90,4.7
491,Olafsvik,IS,2020-05-28 05:02:45,64.89,-23.71,45.55,89,100,24.45
492,Longyearbyen,SJ,2020-05-28 05:02:46,78.22,15.64,44.6,65,75,3.36
493,Gijon,ES,2020-05-28 05:02:46,43.54,-5.66,61.0,85,0,3.0
494,George,ZA,2020-05-28 05:02:46,-33.96,22.46,59.0,51,0,10.29
495,Longonjo,AO,2020-05-28 05:02:46,-12.91,15.25,55.56,59,46,1.9
496,Teguldet,RU,2020-05-28 05:02:46,57.31,88.17,54.73,42,100,7.74
497,Berdigestyakh,RU,2020-05-28 05:02:46,62.1,126.7,54.86,57,100,14.72
498,Marienburg,PL,2020-05-28 05:00:32,54.04,19.03,54.0,100,100,5.95
499,Habiganj,BD,2020-05-28 05:02:46,24.38,91.42,84.2,70,40,3.36
500,Kuressaare,EE,2020-05-28 05:02:47,58.25,22.5,55.0,76,100,10.29
501,Kita,ML,2020-05-28 05:02:47,13.03,-9.49,80.24,60,37,2.42
502,New Ulm,US,2020-05-28 05:02:47,44.31,-94.46,63.0,88,1,1.77
503,Rabo De Peixe,PT,2020-05-28 05:02:47,37.8,-25.58,60.8,77,20,17.22
504,Katobu,ID,2020-05-28 05:02:47,-4.94,122.53,85.08,79,89,5.37
505,Verkhnetulomskiy,RU,2020-05-28 05:02:47,68.61,31.8,41.0,100,75,2.24
506,Sovetskiy,RU,2020-05-28 05:02:47,61.36,63.58,59.72,76,92,11.32
507,Sangar,RU,2020-05-28 05:02:47,63.92,127.47,51.1,61,100,10.47
508,Oranjemund,NA,2020-05-28 05:01:07,-28.55,16.43,53.62,73,0,12.55
509,Ozinki,RU,2020-05-28 05:02:48,51.18,49.68,65.03,71,35,12.44
510,Martapura,ID,2020-05-28 05:02:48,-3.42,114.85,78.8,88,75,8.05
511,Baruun-Urt,MN,2020-05-28 05:02:48,46.68,113.28,81.66,18,74,11.32
512,Manohar Thana,IN,2020-05-28 05:02:48,24.24,76.8,104.05,18,0,18.77
513,Japura,ID,2020-05-28 05:02:48,-0.32,102.35,92.44,55,84,1.7
514,Pacific Grove,US,2020-05-28 05:02:48,36.62,-121.92,59.0,82,1,4.7
515,Vestmannaeyjar,IS,2020-05-28 05:02:48,63.44,-20.27,46.87,91,70,13.13
516,Muisne,EC,2020-05-28 05:02:49,0.6,-80.03,75.99,86,98,10.56
517,Yei,SS,2020-05-28 05:00:12,4.09,30.68,69.89,93,96,4.27
518,Hokitika,NZ,2020-05-28 05:02:49,-42.72,170.97,51.51,83,0,2.91
519,General Roca,AR,2020-05-28 05:02:49,-39.03,-67.58,48.2,49,30,9.48
520,Camacha,PT,2020-05-28 05:02:49,33.08,-16.33,62.6,82,40,6.93
521,Coquimbo,CL,2020-05-28 05:02:50,-29.95,-71.34,57.2,71,70,8.05
522,Songea,TZ,2020-05-28 05:02:50,-10.68,35.65,62.6,100,20,1.97
523,Bogorodskoye,RU,2020-05-28 05:02:50,56.55,37.88,57.29,74,99,6.08
524,Vao,NC,2020-05-28 05:02:50,-22.67,167.48,73.71,79,88,13.58
525,Waipawa,NZ,2020-05-28 05:01:41,-41.41,175.52,52.0,74,18,1.99
526,Iskateley,RU,2020-05-28 05:02:50,67.68,53.15,56.41,51,100,4.85
527,Timaru,NZ,2020-05-28 05:02:50,-44.4,171.25,46.99,95,12,6.6
528,Katsuura,JP,2020-05-28 05:02:50,35.13,140.3,77.0,53,75,9.17
529,Marsabit,KE,2020-05-28 05:02:51,2.33,37.99,65.17,89,88,17.72
530,Huarmey,PE,2020-05-28 05:02:51,-10.07,-78.15,65.79,86,69,2.39
531,Leninskoye,RU,2020-05-28 05:02:51,47.94,132.62,79.63,34,22,9.4
532,Hun,LY,2020-05-28 05:02:51,29.13,15.95,63.45,62,1,6.71
533,Zakharovo,RU,2020-05-28 05:02:51,54.37,39.28,60.01,58,0,3.0
534,Iwanai,JP,2020-05-28 05:02:51,42.97,140.51,61.45,61,38,6.2
535,Broken Hill,AU,2020-05-28 05:02:51,-31.95,141.43,66.2,37,40,8.05
536,Teahupoo,PF,2020-05-28 05:02:52,-17.83,-149.27,80.6,78,75,5.82
537,Port Macquarie,AU,2020-05-28 05:02:52,-31.43,152.92,70.0,75,8,8.86
538,Tabou,CI,2020-05-28 05:02:52,4.42,-7.35,75.79,92,100,9.69
539,Ossora,RU,2020-05-28 05:02:52,59.24,163.07,37.47,84,82,8.03
540,Yarada,IN,2020-05-28 05:02:52,17.65,83.27,91.4,70,40,11.41
541,Noumea,NC,2020-05-28 05:02:52,-22.28,166.46,82.4,61,20,5.82
542,Aklavik,CA,2020-05-28 05:02:52,68.22,-135.01,57.2,26,20,8.05
543,Galle,LK,2020-05-28 04:58:52,6.04,80.22,82.83,82,100,12.62
544,Terrace,CA,2020-05-28 05:02:53,54.52,-128.6,59.0,44,75,10.29
545,Pinawa,CA,2020-05-28 05:02:53,50.15,-95.88,52.38,60,0,5.79
546,Saint Anthony,US,2020-05-28 05:02:53,45.02,-93.22,66.99,72,1,1.05
547,Sao Lourenco Do Sul,BR,2020-05-28 05:02:53,-31.37,-51.98,51.3,81,0,5.79
548,Puerto Lumbreras,ES,2020-05-28 05:02:53,37.56,-1.81,61.0,61,0,1.01
549,Mahibadhoo,MV,2020-05-28 05:02:01,3.78,72.97,83.98,78,59,14.03
550,Gua Musang,MY,2020-05-28 05:02:54,4.88,101.96,97.18,46,96,0.11
551,Mwingi,KE,2020-05-28 05:02:54,-0.93,38.06,69.06,76,45,5.48
552,Pouembout,NC,2020-05-28 05:02:54,-21.13,164.9,77.76,69,93,4.12
553,Bac Lieu,VN,2020-05-28 05:02:54,9.29,105.72,92.23,55,99,10.92
554,Wanning,CN,2020-05-28 05:02:54,18.8,110.4,85.59,73,97,5.21
555,Shenjiamen,CN,2020-05-28 05:02:54,29.96,122.3,73.76,69,55,9.31
556,Abha,SA,2020-05-28 05:02:55,18.22,42.51,68.0,52,0,9.26
557,Karratha,AU,2020-05-28 05:02:55,-20.74,116.85,76.91,40,37,12.24
558,Anito,PH,2020-05-28 05:02:55,12.45,125.29,87.87,66,53,11.9
559,Estelle,US,2020-05-28 05:02:55,29.85,-90.11,77.0,99,1,2.57
560,Dicabisagan,PH,2020-05-28 05:02:55,17.08,122.42,87.85,71,42,9.95
561,Bradut,RO,2020-05-28 05:02:55,46.13,25.62,48.0,94,80,1.01
562,Hualmay,PE,2020-05-28 05:02:55,-11.1,-77.61,64.74,85,23,3.51
563,Almaznyy,RU,2020-05-28 05:02:56,48.04,40.05,66.2,68,20,20.13
564,Clyde River,CA,2020-05-28 05:02:56,70.47,-68.59,26.6,100,90,16.11
565,Kotelnich,RU,2020-05-28 05:02:56,58.31,48.35,54.64,80,2,7.83
566,Drayton Valley,CA,2020-05-28 05:02:56,53.22,-114.99,44.01,79,22,1.01
567,Sakassou,CI,2020-05-28 05:02:56,7.45,-5.29,75.0,100,97,4.0
568,Ambanja,MG,2020-05-28 05:02:57,-13.68,48.45,74.98,67,2,2.68
569,Saint-Joseph,RE,2020-05-28 05:02:57,-21.37,55.62,77.0,47,20,5.82
570,Khawhai,IN,2020-05-28 05:02:57,23.37,93.12,79.74,46,56,3.74
571,Sulphur,US,2020-05-28 05:02:57,30.24,-93.38,68.0,88,1,6.93
572,Lisala,CD,2020-05-28 05:02:57,2.15,21.52,73.36,88,67,0.51
573,Dubbo,AU,2020-05-28 05:02:57,-32.25,148.62,68.0,49,75,8.05
574,Rorvik,NO,2020-05-28 05:02:57,64.86,11.24,46.22,80,100,21.77
575,Muzaffarpur,IN,2020-05-28 04:58:09,26.12,85.4,84.2,66,40,9.17
576,Wenling,CN,2020-05-28 05:02:58,28.37,121.36,71.82,76,99,3.11
577,Nador,MA,2020-05-28 05:00:35,35.17,-2.93,68.0,88,90,10.29
578,Gherla,RO,2020-05-28 05:02:58,47.03,23.92,52.0,81,40,6.93
579,Mendi,PG,2020-05-28 05:02:58,-6.18,143.65,65.35,92,95,2.89
580,Luanda,AO,2020-05-28 05:00:15,-8.84,13.23,73.4,88,20,4.7
581,Qui Nhon,VN,2020-05-28 05:02:58,13.77,109.23,88.92,59,36,9.89
582,Conchagua,SV,2020-05-28 05:02:59,13.31,-87.86,76.89,88,100,1.61
583,Barcelos,PT,2020-05-28 05:02:59,41.54,-8.62,71.01,77,0,4.79
584,La Grande,US,2020-05-28 04:59:36,45.32,-118.09,60.8,44,1,6.93
585,Diego De Almagro,CL,2020-05-28 05:02:59,-26.37,-70.05,47.86,73,0,2.42
586,Urubicha,BO,2020-05-28 05:02:59,-15.38,-62.95,59.81,65,56,2.21
587,Magaria,NE,2020-05-28 05:02:59,13.0,8.91,82.22,46,58,6.46
588,Fortuna Foothills,US,2020-05-28 05:02:59,32.66,-114.41,90.0,13,1,9.17
589,Monaragala,LK,2020-05-28 05:03:00,6.87,81.35,88.25,64,68,10.13
590,Pau Brasil,BR,2020-05-28 05:03:00,-15.46,-39.65,67.64,94,76,2.62
591,Annau,TM,2020-05-28 05:03:00,37.89,58.52,82.4,39,20,18.34
592,Vanavara,RU,2020-05-28 05:03:00,60.34,102.28,50.52,45,72,7.49
593,Sobolevo,RU,2020-05-28 05:03:00,54.43,31.9,56.28,77,81,1.21
594,Perigueux,FR,2020-05-28 05:03:00,45.18,0.72,63.0,63,0,4.88
595,Qaqortoq,GL,2020-05-28 05:03:00,60.72,-46.03,37.4,87,58,4.41
596,Alampur,IN,2020-05-28 04:58:38,15.88,78.15,102.54,24,61,12.12
597,Port-Gentil,GA,2020-05-28 05:03:01,-0.72,8.78,79.23,84,100,12.93
598,Maceio,BR,2020-05-28 05:03:01,-9.67,-35.74,77.0,94,49,4.7
599,Bonavista,CA,2020-05-28 05:03:01,48.65,-53.11,39.99,69,94,5.99
600,Booue,GA,2020-05-28 05:03:01,-0.09,11.94,72.9,96,87,2.3
601,Elko,US,2020-05-28 05:03:01,41.0,-115.5,73.4,38,1,5.82
602,Road Town,VG,2020-05-28 04:59:39,18.42,-64.62,80.01,93,93,7.87
